Person,Height,Weight,BMI
A,1.9558,82.100152,21.46322990571432
B,1.8796,90.7184,25.67819598750958
C,1.905,88.904032,24.49804892498674
D,1.7018,54.431039999999996,18.794448816342495
E,1.5748,38.101728,15.363630727261455
F,1.778,52.616672,16.644082594287635
